{
  "com.mobilelegends.mi": "Mobile Legends: Bang Bang",
  "com.supercell.brawlstars": "Brawl Stars",
  "com.blizzard.diablo.immortal": "Diablo Immortal",
  "com.netease.newspike": "Blood Strike",
  "com.activision.callofduty.warzone": "Call of Duty: Warzone Mobile",
  "com.pubg.newstate": "PUBG: New State",
  "com.gamedevltd.destinywarfare": "Destiny Warfare",
  "com.pikpok.dr2.play": "Dead Rising 2",
  "com.CarXTech.highWay": "CarX Highway Racing",
  "com.nekki.shadowfight3": "Shadow Fight 3",
  "com.nekki.shadowfightarena": "Shadow Fight Arena",
  "com.gameloft.android.ANMP.GloftA8HM": "Asphalt 8: Airborne",
  "com.nekki.shadowfight": "Shadow Fight 2",
  "com.ea.game.nfs14_row": "Need for Speed: No Limits",
  "com.ea.games.r3_row": "Real Racing 3",
  "com.supercell.squad": "Squad Busters",
  "com.blitzteam.battleprime": "Battle Prime",
  "com.tencent.tmgp.gnyx": "Honor of Kings",
  "com.garena.game.df": "Delta Force Garena",
  "com.ss.android.ugc.trill": "TikTok (Global)",
  "com.zhiliaoapp.musically": "TikTok (US)",
  "com.proximabeta.mf.uamo": "Honor \"MF Uamo\"",
  "com.ea.gp.apexlegendsmobilefps": "Apex Legends Mobile",
  "com.levelinfinite.hotta.gp": "Tower of Fantasy",
  "com.supercell.clashofclans": "Clash of Clans",
  "com.vng.mlbbvn": "Mobile Legends: Bang Bang (Vietnam)",
  "com.levelinfinite.sgameGlobal": "Arena of Valor (Global)",
  "com.tencent.tmgp.sgame": "Arena of Valor (China)",
  "com.pubg.krmobile": "PUBG Mobile (Korea)",
  "com.rekoo.pubgm": "PUBG Mobile (Rekoo)",
  "com.tencent.tmgp.pubgmhd": "PUBG Mobile HD",
  "com.vng.pubgmobile": "PUBG Mobile (Vietnam)",
  "com.pubg.imobile": "PUBG Mobile (India)",
  "com.tencent.ig": "PUBG Mobile (Global)",
  "com.netease.lztgglobal": "Lost Light",
  "com.riotgames.league.wildrift": "League of Legends: Wild Rift (Global)",
  "com.riotgames.league.wildrifttw": "League of Legends: Wild Rift (Taiwan)",
  "com.riotgames.league.wildriftvn": "League of Legends: Wild Rift (Vietnam)",
  "com.epicgames.fortnite": "Fortnite",
  "com.epicgames.portal": "Epic Games Store",
  "com.mobile.legends": "Mobile Legends: Bang Bang",
  "com.mobile.legends.usa": "Mobile Legends: Bang Bang.US",
  "com.dts.freefireth": "Free Fire",
  "com.dts.freefiremax": "Free Fire MAX",
  "com.gameloft.android.ANMP.GloftA9HM": "Asphalt 9: Legends",
  "com.madfingergames.legends": "Madfinger Games: Shadowgun Legends",
  "com.pearlabyss.blackdesertm": "Black Desert Mobile",
  "com.pearlabyss.blackdesertm.gl": "Black Desert Mobile (Global)",
  "com.activision.callofduty.shooter": "Call of Duty: Mobile",
  "com.garena.game.codm": "Call of Duty: Mobile (Garena)",
  "com.tencent.tmgp.kr.codm": "Call of Duty: Mobile (Korea)",
  "com.vng.codmvn": "Call of Duty: Mobile (Vietnam)",
  "com.ea.gp.fifamobile": "EA Sports FC Mobile (FIFA Mobile)",
  "com.tencent.lolm": "League of Legends: Wild Rift (China)",
  "com.proxima.dfm": "Delta Force Mobile",
  "com.google.android.apps.photos": "Google Photos",
  "com.netflix.ninja": "Netflix beta",
  "com.netflix.mediaclient": "Netflix",
  "com.garena.game.kgvn": "Arena of Valor (Vietnam)",
  "com.garena.game.kgid": "Arena of Valor (Indonesia)",
  "com.garena.game.kgth": "Arena of Valor (Thailand)",
  "com.tencent.ngjp": "Arena of Valor (Japan, Tencent)",
  "com.garena.game.kgtw": "Arena of Valor (Taiwan)",
  "com.ngame.allstar.eu": "Arena of Valor (Europe)",
  "com.clashoftitansandroid.india": "Clash of Titans (India)",
  "com.tencent.ngame.chty": "Arena of Valor (China, Tencent)",
  "com.garena.game.kgvntest": "Arena of Valor (Vietnam Test)",
  "com.levelinfinite.aov": "Arena of Valor (Global, Level Infinite)",
  "com.tencent.aovindia": "Arena of Valor (India, Tencent)",
  "com.garena.game.kgms": "Arena of Valor (Malaysia/Singapore)",
  "com.tencent.aovjp": "Arena of Valor (Japan, Tencent)",
  "com.garena.game.kgph": "Arena of Valor (Philippines)",
  "com.kurogame.wutheringwaves.global": "Wuthering Waves (Global)",
  "com.bbl.mobilebanking": "Bangkok Bank",
  "com.miraclegames.farlight84": "Farlight84",
  "com.android.camera": "Camera",
  "com.sec.android.app.camera": "Camera",
  "com.android.settings": "Settings"
}
